CUSTOMER_ID,EMAIL,FIRSTNAME,LASTNAME,GENDER,BIRTHDATE,CREDITS
1,jeastway0@sakura.ne.jp,Jeremie,Eastway,Polygender,11/6/2020,1
2,hagneau1@over-blog.com,Hastings,Agneau,Polygender,2/8/2021,2
3,acinelli2@archive.org,Ailee,Cinelli,Non-binary,11/22/2020,3
4,winglefield3@chron.com,Weston,Inglefield,Male,9/2/2020,4
5,gslemming4@independent.co.uk,Gwenette,Slemming,Agender,12/27/2020,5
6,mstanning5@dagondesign.com,Marj,Stanning,Genderqueer,2/25/2021,6
7,gkiff6@va.gov,Giulio,Kiff,Female,3/2/2021,7
8,fofallone7@themeforest.net,Florry,O'Fallone,Genderfluid,8/10/2020,8
9,ttroctor8@omniture.com,Timothy,Troctor,Genderfluid,11/24/2020,9
10,kcamelia9@canalblog.com,Kaiser,Camelia,Female,11/27/2020,10
11,dmolana@example.com,Deloria,Molan,Non-binary,11/24/2020,11
12,bpoleykettb@google.nl,Bord,Poleykett,Non-binary,3/22/2021,12
13,hcolwellc@wsj.com,Had,Colwell,Female,11/21/2020,13
14,mjanceyd@ameblo.jp,Merrielle,Jancey,Non-binary,6/14/2020,14
15,hredmiree@bbb.org,Hatti,Redmire,Genderqueer,11/13/2020,15
16,gbedenhamf@google.co.uk,Gerald,Bedenham,Bigender,11/24/2020,16
17,nmardlingg@homestead.com,Nevsa,Mardling,Male,5/17/2021,17
18,severleyh@yolasite.com,Say,Everley,Non-binary,8/7/2020,18
19,rashtoni@homestead.com,Reggie,Ashton,Male,3/11/2021,19
20,mbrambellj@booking.com,Marta,Brambell,Bigender,11/19/2020,20
21,jwayek@last.fm,Judith,Waye,Bigender,5/10/2021,21
22,acristoforettil@xing.com,Alida,Cristoforetti,Non-binary,3/15/2021,22
23,tdudderidgem@parallels.com,Trenton,Dudderidge,Polygender,10/14/2020,23
24,tsheeren@google.com.au,Trenton,Sheere,Female,9/12/2020,24
25,wmounfieldo@tripadvisor.com,West,Mounfield,Non-binary,9/7/2020,25
26,jcoulthardp@netvibes.com,Jacquenetta,Coulthard,Polygender,1/29/2021,26
27,dmatthiasq@techcrunch.com,Dinnie,Matthias,Non-binary,10/26/2020,27
28,mlewknorr@slashdot.org,Melissa,Lewknor,Non-binary,6/13/2020,28
29,tcarrells@java.com,Tammy,Carrell,Polygender,9/26/2020,29
30,apurryt@tiny.cc,Arvie,Purry,Bigender,10/13/2020,30
31,bhowlesu@ucoz.com,Bart,Howles,Female,9/23/2020,31
32,kwallagev@google.de,Kameko,Wallage,Genderfluid,3/19/2021,32
33,jifillw@biblegateway.com,Joby,Ifill,Polygender,7/23/2020,33
34,nsimmonx@noaa.gov,Nollie,Simmon,Bigender,5/28/2020,34
35,tgrossy@uol.com.br,Tedman,Gross,Male,7/21/2020,35
36,zwintersonz@over-blog.com,Zebedee,Winterson,Agender,12/21/2020,36
37,ipriddey10@skyrock.com,Iseabal,Priddey,Bigender,1/7/2021,37
38,jmccorkell11@aboutads.info,Jethro,McCorkell,Agender,8/13/2020,38
39,cfilipov12@unblog.fr,Chance,Filipov,Male,7/21/2020,39
40,oelliman13@ftc.gov,Orsola,Elliman,Non-binary,8/3/2020,40
41,lpilbury14@joomla.org,Llewellyn,Pilbury,Agender,6/27/2020,41
42,mtemperley15@facebook.com,Myrtie,Temperley,Bigender,6/11/2020,42
43,hboch16@forbes.com,Haskel,Boch,Non-binary,1/18/2021,43
44,dfoulkes17@ebay.com,Doralia,Foulkes,Genderfluid,3/13/2021,44
45,tvaillant18@exblog.jp,Tedra,Vaillant,Genderqueer,1/17/2021,45
46,ndelatour19@sogou.com,Nalani,Delatour,Polygender,10/5/2020,46
47,lroney1a@elpais.com,Lurleen,Roney,Genderqueer,7/3/2020,47
48,kenriquez1b@pbs.org,Kylie,Enriquez,Female,8/2/2020,48
49,afrancklin1c@posterous.com,Abbe,Francklin,Bigender,4/1/2021,49
50,vlechmere1d@blogspot.com,Vinny,Lechmere,Bigender,10/22/2020,50
51,vstump1e@unc.edu,Vonny,Stump,Bigender,7/20/2020,51
52,gnoon1f@seattletimes.com,Gale,Noon,Genderqueer,3/8/2021,52
53,stavner1g@reddit.com,Sharla,Tavner,Female,12/17/2020,53
54,ahesse1h@networkadvertising.org,Aloisia,Hesse,Bigender,6/27/2020,54
55,aching1i@statcounter.com,Ariel,Ching,Genderqueer,2/13/2021,55
56,jduncanson1j@parallels.com,Jacquelynn,Duncanson,Male,8/26/2020,56
57,ccrosoer1k@live.com,Chad,Crosoer,Genderqueer,10/26/2020,57
58,tvannar1l@hhs.gov,Tomaso,Vannar,Polygender,10/12/2020,58
59,adewitt1m@huffingtonpost.com,Anatollo,De Witt,Genderfluid,5/19/2021,59
60,mquixley1n@google.es,Maddi,Quixley,Genderqueer,5/2/2021,60
61,jglasbey1o@ihg.com,Joline,Glasbey,Male,11/20/2020,61
62,sclingoe1p@bandcamp.com,Staford,Clingoe,Genderqueer,6/19/2020,62
63,dironmonger1q@ed.gov,Dorella,Ironmonger,Bigender,7/5/2020,63
64,sjoppich1r@walmart.com,Stacy,Joppich,Non-binary,11/1/2020,64
65,dperrett1s@ehow.com,Denny,Perrett,Male,8/22/2020,65
66,measlea1t@scribd.com,Myrvyn,Easlea,Polygender,11/9/2020,66
67,cbirchwood1u@nytimes.com,Camala,Birchwood,Polygender,7/20/2020,67
68,igoman1v@photobucket.com,Issiah,Goman,Genderqueer,5/19/2021,68
69,ccutcliffe1w@com.com,Culver,Cutcliffe,Polygender,7/14/2020,69
70,medleston1x@gizmodo.com,Marillin,Edleston,Male,9/28/2020,70
71,mduffit1y@homestead.com,Morganne,Duffit,Genderfluid,8/21/2020,71
72,lbellany1z@cpanel.net,Loise,Bellany,Genderqueer,1/20/2021,72
73,dhacon20@eepurl.com,Dare,Hacon,Polygender,12/31/2020,73
74,elaffranconi21@etsy.com,Erek,Laffranconi,Agender,8/3/2020,74
75,njacks22@eventbrite.com,Niels,Jacks,Genderqueer,9/6/2020,75
76,bgillow23@ihg.com,Beaufort,Gillow,Agender,4/9/2021,76
77,mdrawmer24@amazon.co.jp,Maude,Drawmer,Female,5/2/2021,77
78,areape25@gravatar.com,Ashlee,Reape,Agender,4/29/2021,78
79,smatschke26@wikimedia.org,Serena,Matschke,Polygender,11/10/2020,79
80,tcordero27@slashdot.org,Tracee,Cordero,Female,10/2/2020,80
81,ocoyne28@pcworld.com,Ole,Coyne,Genderqueer,3/29/2021,81
82,aalbiston29@issuu.com,Alejoa,Albiston,Genderqueer,1/31/2021,82
83,ckornalik2a@psu.edu,Cass,Kornalik,Agender,4/26/2021,83
84,rfrancis2b@163.com,Robin,Francis,Male,12/26/2020,84
85,htilford2c@so-net.ne.jp,Hilary,Tilford,Genderqueer,8/10/2020,85
86,ayekel2d@google.de,Annamaria,Yekel,Genderqueer,11/22/2020,86
87,wthumann2e@nsw.gov.au,Wendall,Thumann,Genderfluid,2/7/2021,87
88,lgerrell2f@imageshack.us,Leta,Gerrell,Genderqueer,5/17/2021,88
89,dtilston2g@statcounter.com,Duffie,Tilston,Female,3/8/2021,89
90,cmcgillivray2h@posterous.com,Conney,McGillivray,Bigender,12/25/2020,90
91,vfellgett2i@wix.com,Vite,Fellgett,Male,4/30/2021,91
92,hyakunikov2j@psu.edu,Hyacinthia,Yakunikov,Bigender,5/9/2021,92
93,stodeo2k@arstechnica.com,Selina,Todeo,Polygender,1/22/2021,93
94,ztomsen2l@nbcnews.com,Zuzana,Tomsen,Polygender,6/25/2020,94
95,btuckwell2m@miibeian.gov.cn,Binky,Tuckwell,Bigender,7/18/2020,95
96,dstevenson2n@weebly.com,Diane,Stevenson,Non-binary,10/16/2020,96
97,fstork2o@meetup.com,Felicdad,Stork,Female,2/15/2021,97
98,dfalco2p@yelp.com,Donica,Falco,Female,1/25/2021,98
99,gfogg2q@engadget.com,Garwood,Fogg,Agender,5/7/2021,99
100,kcircuit2r@prnewswire.com,Kerry,Circuit,Male,8/6/2020,100
101,fkhristyukhin2s@networksolutions.com,Fairleigh,Khristyukhin,Genderqueer,9/15/2020,101
102,gpawelke2t@miibeian.gov.cn,Gabriela,Pawelke,Bigender,5/20/2020,102
103,gdowning2u@cafepress.com,Giacomo,Downing,Agender,11/11/2020,103
104,hbergstram2v@nature.com,Herb,Bergstram,Non-binary,12/16/2020,104
105,pstimson2w@geocities.jp,Pembroke,Stimson,Female,4/7/2021,105
106,hglaves2x@forbes.com,Harbert,Glaves,Polygender,1/14/2021,106
107,hrylatt2y@blogtalkradio.com,Haily,Rylatt,Genderqueer,12/11/2020,107
108,ljosefowicz2z@cloudflare.com,Leonelle,Josefowicz,Non-binary,12/3/2020,108
109,ngeorg30@wikipedia.org,Northrop,Georg,Non-binary,1/13/2021,109
110,fmacelholm31@deliciousdays.com,Fanya,MacElholm,Agender,2/14/2021,110
111,msymms32@alibaba.com,Melanie,Symms,Genderqueer,1/17/2021,111
112,sgoldston33@virginia.edu,Stacee,Goldston,Bigender,3/15/2021,112
113,nbiscomb34@diigo.com,Ninnetta,Biscomb,Genderqueer,6/21/2020,113
114,clawling35@pbs.org,Corine,Lawling,Male,5/29/2020,114
115,klouth36@github.io,Kyrstin,Louth,Female,3/21/2021,115
116,lmazzia37@china.com.cn,Linnell,Mazzia,Genderqueer,5/28/2020,116
117,kpascho38@blogspot.com,Kristy,Pascho,Genderfluid,3/10/2021,117
118,sjennery39@deliciousdays.com,Sari,Jennery,Genderfluid,11/15/2020,118
119,ldahle3a@newsvine.com,Letty,Dahle,Polygender,4/28/2021,119
120,rchaffer3b@dagondesign.com,Robbert,Chaffer,Female,3/24/2021,120
121,jhabron3c@a8.net,Julissa,Habron,Non-binary,12/7/2020,121
122,elardier3d@dot.gov,Emmet,Lardier,Genderfluid,2/2/2021,122
123,dhauxby3e@cbslocal.com,Dennis,Hauxby,Polygender,4/21/2021,123
124,arylance3f@csmonitor.com,Aeriell,Rylance,Non-binary,1/1/2021,124
125,brutherfoord3g@accuweather.com,Barbabas,Rutherfoord,Female,12/2/2020,125
126,cyitzovitz3h@cafepress.com,Carson,Yitzovitz,Genderqueer,1/31/2021,126
127,rvermer3i@bbc.co.uk,Randell,Vermer,Female,8/23/2020,127
128,ecarmel3j@google.pl,Evey,Carmel,Polygender,8/20/2020,128
129,jdraayer3k@dyndns.org,Jeth,Draayer,Non-binary,2/8/2021,129
130,khogsden3l@uol.com.br,Kali,Hogsden,Agender,11/21/2020,130
131,lhaddock3m@freewebs.com,Lilias,Haddock,Genderqueer,3/21/2021,131
132,kcasel3n@cpanel.net,Kristal,Casel,Female,3/29/2021,132
133,tjobe3o@cloudflare.com,Thaine,Jobe,Female,2/14/2021,133
134,sposchel3p@rediff.com,Staffard,Poschel,Genderqueer,9/5/2020,134
135,sdelucia3q@amazonaws.com,Sherm,Delucia,Polygender,12/30/2020,135
136,oblofield3r@accuweather.com,Ora,Blofield,Genderqueer,8/15/2020,136
137,fgrabb3s@cornell.edu,Fielding,Grabb,Agender,8/19/2020,137
138,kstollery3t@360.cn,Kelsi,Stollery,Agender,10/3/2020,138
139,bfinder3u@hexun.com,Benedikta,Finder,Non-binary,2/24/2021,139
140,hcorkish3v@marriott.com,Herminia,Corkish,Genderfluid,10/3/2020,140
141,dnegro3w@upenn.edu,Delmor,Negro,Genderqueer,3/12/2021,141
142,cweepers3x@epa.gov,Calvin,Weepers,Genderqueer,9/29/2020,142
143,ksatterthwaite3y@cmu.edu,Krista,Satterthwaite,Female,5/15/2021,143
144,somullen3z@timesonline.co.uk,Sandie,O Mullen,Non-binary,3/18/2021,144
145,cdelgadillo40@prnewswire.com,Chico,Delgadillo,Male,10/18/2020,145
146,emacgaffey41@jalbum.net,Eliot,MacGaffey,Bigender,3/25/2021,146
147,plorrain42@businesswire.com,Pedro,Lorrain,Female,6/1/2020,147
148,amcglaughn43@facebook.com,Ameline,McGlaughn,Polygender,7/26/2020,148
149,wblonden44@histats.com,Walden,Blonden,Genderqueer,11/21/2020,149
150,iledington45@sciencedaily.com,Ingunna,Ledington,Genderfluid,8/17/2020,150
151,tfrew46@tripod.com,Tiphanie,Frew,Genderqueer,12/23/2020,151
152,wwentworth47@nymag.com,Willy,Wentworth,Male,10/8/2020,152
153,wriccardini48@whitehouse.gov,Wallie,Riccardini,Genderfluid,9/11/2020,153
154,mlindsey49@list-manage.com,Mauricio,Lindsey,Genderfluid,4/30/2021,154
155,madriaens4a@theguardian.com,Marie-ann,Adriaens,Female,3/2/2021,155
156,eiacomi4b@ibm.com,Emlen,Iacomi,Agender,1/8/2021,156
157,hledwich4c@google.com.br,Hettie,Ledwich,Female,1/25/2021,157
158,xezzell4d@quantcast.com,Ximenes,Ezzell,Non-binary,10/29/2020,158
159,cthompsett4e@xrea.com,Codee,Thompsett,Male,12/7/2020,159
160,bkestian4f@epa.gov,Buiron,Kestian,Agender,8/17/2020,160
161,ldenys4g@com.com,Leslie,Denys,Polygender,10/16/2020,161
162,pfancy4h@slate.com,Phillipp,Fancy,Bigender,2/22/2021,162
163,cshireff4i@wunderground.com,Cordey,Shireff,Genderfluid,12/26/2020,163
164,aisacsson4j@accuweather.com,Antonino,Isacsson,Polygender,3/8/2021,164
165,jyakunikov4k@mtv.com,Jacinthe,Yakunikov,Female,1/2/2021,165
166,xfigg4l@imdb.com,Xavier,Figg,Polygender,2/2/2021,166
167,rhollows4m@cdc.gov,Ronnie,Hollows,Polygender,12/14/2020,167
168,nwroth4n@about.com,Noelani,Wroth,Agender,7/31/2020,168
169,lethelstone4o@woothemes.com,Leroi,Ethelstone,Genderfluid,9/18/2020,169
170,mpargiter4p@google.com.br,Marjy,Pargiter,Genderqueer,8/21/2020,170
171,lwoolhouse4q@hostgator.com,Lorelle,Woolhouse,Male,9/5/2020,171
172,amoorhouse4r@histats.com,Avis,Moorhouse,Male,1/22/2021,172
173,omaudlen4s@w3.org,Othelia,Maudlen,Bigender,3/10/2021,173
174,hcordingley4t@ask.com,Hobey,Cordingley,Non-binary,10/13/2020,174
175,sleale4u@cafepress.com,Shirleen,Leale,Female,1/30/2021,175
176,ijouhning4v@google.co.uk,Ivory,Jouhning,Genderfluid,12/9/2020,176
177,cmor4w@cam.ac.uk,Chris,Mor,Genderqueer,5/23/2020,177
178,gtoovey4x@acquirethisname.com,Gray,Toovey,Female,6/9/2020,178
179,jskirvin4y@wired.com,Josiah,Skirvin,Bigender,2/21/2021,179
180,tackery4z@latimes.com,Tannie,Ackery,Female,8/8/2020,180
181,eobray50@amazon.co.jp,Emanuel,Obray,Polygender,11/30/2020,181
182,aybarra51@gov.uk,Aurelea,Ybarra,Bigender,8/4/2020,182
183,mkornyshev52@netscape.com,Madel,Kornyshev,Genderqueer,9/26/2020,183
184,eperfili53@weibo.com,Emilio,Perfili,Male,9/16/2020,184
185,whoulridge54@oracle.com,Winslow,Houlridge,Genderfluid,3/24/2021,185
186,ppedder55@cisco.com,Pascal,Pedder,Bigender,10/12/2020,186
187,vbeagrie56@qq.com,Vivien,Beagrie,Polygender,8/27/2020,187
188,gruddoch57@csmonitor.com,Garnet,Ruddoch,Male,3/8/2021,188
189,rwaterworth58@opera.com,Robinetta,Waterworth,Non-binary,12/25/2020,189
190,wwebbbowen59@pcworld.com,Wilt,Webb-Bowen,Bigender,6/26/2020,190
191,sborg5a@nationalgeographic.com,Sasha,Borg,Male,6/27/2020,191
192,ugonnelly5b@mysql.com,Una,Gonnelly,Genderfluid,1/5/2021,192
193,ehughill5c@toplist.cz,Evelyn,Hughill,Male,4/4/2021,193
194,tcorrison5d@netvibes.com,Traver,Corrison,Genderqueer,12/2/2020,194
195,cdolby5e@cbslocal.com,Carly,Dolby,Genderqueer,10/18/2020,195
196,linstrell5f@xing.com,Lorelle,Instrell,Genderqueer,12/20/2020,196
197,astood5g@lulu.com,Al,Stood,Genderfluid,9/1/2020,197
198,henticott5h@t.co,Henry,Enticott,Agender,4/11/2021,198
199,bcarass5i@nature.com,Burton,Carass,Agender,2/13/2021,199
200,ffox5j@google.co.uk,Farica,Fox,Genderqueer,3/24/2021,200
201,strussell5k@npr.org,Saudra,Trussell,Male,4/21/2021,201
202,achadderton5l@soup.io,Ajay,Chadderton,Polygender,3/10/2021,202
203,wlidden5m@loc.gov,Wendall,Lidden,Female,6/23/2020,203
204,fjagger5n@wikimedia.org,Free,Jagger,Bigender,9/19/2020,204
205,lbritto5o@oakley.com,Lambert,Britto,Non-binary,3/23/2021,205
206,jstrickland5p@list-manage.com,Jaquenette,Strickland,Agender,3/16/2021,206
207,gstryde5q@latimes.com,Garland,Stryde,Genderqueer,2/22/2021,207
208,bbillyeald5r@sitemeter.com,Blondy,Billyeald,Female,5/6/2021,208
209,rgherardini5s@google.de,Rose,Gherardini,Genderfluid,8/4/2020,209
210,adyter5t@netscape.com,Aida,Dyter,Polygender,3/17/2021,210
211,hhazeltine5u@mlb.com,Hannah,Hazeltine,Bigender,12/17/2020,211
212,mfaltin5v@mayoclinic.com,Magda,Faltin,Agender,5/11/2021,212
213,dwiggington5w@deliciousdays.com,D'arcy,Wiggington,Female,2/5/2021,213
214,ucatterell5x@meetup.com,Ursula,Catterell,Male,6/30/2020,214
215,rcornes5y@multiply.com,Rani,Cornes,Bigender,11/23/2020,215
216,acolliar5z@auda.org.au,Abbott,Colliar,Genderfluid,5/5/2021,216
217,gdumphy60@goo.ne.jp,Gawen,Dumphy,Genderqueer,7/15/2020,217
218,otuckey61@noaa.gov,Oliviero,Tuckey,Female,9/1/2020,218
219,fgadesby62@gmpg.org,Frants,Gadesby,Genderfluid,12/10/2020,219
220,tguye63@indiatimes.com,Tomkin,Guye,Genderqueer,8/19/2020,220
221,beve64@vistaprint.com,Bradan,Eve,Male,8/25/2020,221
222,rbellord65@elegantthemes.com,Russ,Bellord,Genderqueer,8/24/2020,222
223,wpahlsson66@ezinearticles.com,Winnie,Pahlsson,Polygender,2/11/2021,223
224,wvedntyev67@quantcast.com,Wilfrid,Vedntyev,Female,10/21/2020,224
225,psterrick68@istockphoto.com,Patsy,Sterrick,Genderqueer,3/6/2021,225
226,rmeneux69@cam.ac.uk,Rebeca,Meneux,Bigender,6/25/2020,226
227,czemler6a@dmoz.org,Carlie,Zemler,Female,4/3/2021,227
228,avandrill6b@amazon.co.jp,Amie,Vandrill,Non-binary,10/23/2020,228
229,lmordecai6c@dailymotion.com,Lindon,Mordecai,Female,8/29/2020,229
230,thurrion6d@symantec.com,Talya,Hurrion,Male,5/3/2021,230
231,ptilne6e@wiley.com,Pammie,Tilne,Bigender,6/28/2020,231
232,tgutteridge6f@ifeng.com,Terese,Gutteridge,Polygender,11/10/2020,232
233,tcrass6g@timesonline.co.uk,Trixie,Crass,Bigender,5/8/2021,233
234,sbellsham6h@elegantthemes.com,Sergio,Bellsham,Genderqueer,2/26/2021,234
235,mfussen6i@cyberchimps.com,Margaretha,Fussen,Genderfluid,11/7/2020,235
236,lpawlicki6j@wunderground.com,Letta,Pawlicki,Non-binary,3/8/2021,236
237,ieglington6k@house.gov,Iolande,Eglington,Agender,7/1/2020,237
238,lmcphillips6l@tiny.cc,Lisette,McPhillips,Genderqueer,10/7/2020,238
239,fion6m@netvibes.com,Falkner,Ion,Polygender,7/30/2020,239
240,flongman6n@yellowpages.com,Fayina,Longman,Polygender,11/14/2020,240
241,swilliams6o@nih.gov,Sari,Williams,Female,1/26/2021,241
242,lfontes6p@tmall.com,Lyell,Fontes,Polygender,4/13/2021,242
243,eellett6q@huffingtonpost.com,Elvina,Ellett,Bigender,1/22/2021,243
244,bahrens6r@prlog.org,Benedicto,Ahrens,Genderqueer,1/1/2021,244
245,blaguerre6s@ehow.com,Bettina,Laguerre,Polygender,3/1/2021,245
246,jconstantine6t@census.gov,Joleen,Constantine,Non-binary,3/23/2021,246
247,dballinger6u@kickstarter.com,Dillon,Ballinger,Genderqueer,11/18/2020,247
248,bducarme6v@prweb.com,Berky,ducarme,Agender,3/2/2021,248
249,rtrimnell6w@house.gov,Rosalinde,Trimnell,Polygender,2/25/2021,249
250,mhuffadine6x@stumbleupon.com,Marleen,Huffadine,Male,11/28/2020,250
251,epatria6y@oakley.com,Eugenius,Patria,Genderqueer,12/8/2020,251
252,bhaymes6z@diigo.com,Brunhilde,Haymes,Male,3/25/2021,252
253,srand70@google.com,Sutherland,Rand,Genderqueer,1/13/2021,253
254,cgealy71@about.com,Candi,Gealy,Bigender,12/17/2020,254
255,epfiffer72@artisteer.com,Englebert,Pfiffer,Genderfluid,12/27/2020,255
256,ndunnion73@narod.ru,Nicole,Dunnion,Bigender,7/17/2020,256
257,obirchill74@elegantthemes.com,Orsa,Birchill,Polygender,12/1/2020,257
258,mcunniff75@hexun.com,Merrile,Cunniff,Bigender,6/2/2020,258
259,ckhomich76@fc2.com,Chelsae,Khomich,Bigender,5/11/2021,259
260,hghelarducci77@simplemachines.org,Horst,Ghelarducci,Genderqueer,5/1/2021,260
261,oeastham78@cbc.ca,Oliver,Eastham,Non-binary,3/22/2021,261
262,tfidelus79@oaic.gov.au,Terrence,Fidelus,Genderfluid,4/9/2021,262
263,jmaclure7a@theatlantic.com,James,MacLure,Agender,4/4/2021,263
264,ifenimore7b@eepurl.com,Imogene,Fenimore,Non-binary,1/18/2021,264
265,rmuzzini7c@blinklist.com,Roseanne,Muzzini,Genderqueer,5/12/2021,265
266,qebertz7d@cargocollective.com,Querida,Ebertz,Agender,5/31/2020,266
267,lsnazel7e@youtube.com,Lacee,Snazel,Male,9/12/2020,267
268,ccolerick7f@booking.com,Caroljean,Colerick,Agender,9/4/2020,268
269,wtanzig7g@tumblr.com,Waldo,Tanzig,Non-binary,4/3/2021,269
270,cjehaes7h@yale.edu,Chloe,Jehaes,Male,5/5/2021,270
271,gespino7i@ihg.com,Gillie,Espino,Polygender,11/6/2020,271
272,jstapleton7j@marriott.com,Jorrie,Stapleton,Polygender,3/13/2021,272
273,carlidge7k@hc360.com,Claresta,Arlidge,Polygender,12/30/2020,273
274,pchurchin7l@dailymotion.com,Pavia,Churchin,Genderqueer,10/16/2020,274
275,sstair7m@ftc.gov,Stephenie,Stair,Genderqueer,4/24/2021,275
276,ashewring7n@elegantthemes.com,Aurora,Shewring,Agender,7/18/2020,276
277,bdrewell7o@google.de,Brandtr,Drewell,Non-binary,9/22/2020,277
278,jberndsen7p@nba.com,Janine,Berndsen,Genderqueer,12/11/2020,278
279,bhaughey7q@ibm.com,Brigham,Haughey,Bigender,2/24/2021,279
280,oleall7r@techcrunch.com,Olivero,Leall,Female,10/7/2020,280
281,dblazejewski7s@joomla.org,Donna,Blazejewski,Female,4/6/2021,281
282,mmaylam7t@nationalgeographic.com,Meridith,Maylam,Bigender,7/7/2020,282
283,bvanschafflaer7u@upenn.edu,Bethany,Van Schafflaer,Bigender,2/9/2021,283
284,icogan7v@cam.ac.uk,Isac,Cogan,Genderfluid,10/25/2020,284
285,ocoit7w@google.fr,Obadiah,Coit,Genderfluid,10/30/2020,285
286,bavramovich7x@slashdot.org,Bridgette,Avramovich,Female,6/25/2020,286
287,daery7y@linkedin.com,Darby,Aery,Genderqueer,10/22/2020,287
288,rfaichnie7z@arstechnica.com,Randi,Faichnie,Female,3/19/2021,288
289,ghaney80@naver.com,Grissel,Haney,Polygender,7/8/2020,289
290,mandresser81@telegraph.co.uk,Micky,Andresser,Male,11/22/2020,290
291,wcolclough82@mozilla.com,Wendeline,Colclough,Genderfluid,3/29/2021,291
292,cdawbury83@comsenz.com,Carleen,Dawbury,Non-binary,9/17/2020,292
293,dadess84@army.mil,Deana,Adess,Female,11/10/2020,293
294,sstclair85@shop-pro.jp,Sherill,St Clair,Female,12/5/2020,294
295,awrist86@independent.co.uk,Angus,Wrist,Polygender,7/5/2020,295
296,tdobbyn87@elpais.com,Terese,Dobbyn,Polygender,9/2/2020,296
297,hthews88@guardian.co.uk,Harmonie,Thews,Polygender,3/2/2021,297
298,abeisley89@gravatar.com,Averyl,Beisley,Genderfluid,10/13/2020,298
299,kshory8a@netlog.com,Kellina,Shory,Female,6/12/2020,299
300,psherwell8b@tinyurl.com,Pierette,Sherwell,Male,6/11/2020,300
301,jcroutear8c@tripadvisor.com,Jim,Croutear,Polygender,9/22/2020,301
302,ddolley8d@usda.gov,Dannie,Dolley,Female,3/16/2021,302
303,aelliott8e@pbs.org,Ava,Elliott,Polygender,10/1/2020,303
304,jlongbone8f@shareasale.com,Joseph,Longbone,Female,1/7/2021,304
305,cevanson8g@issuu.com,Christyna,Evanson,Male,2/10/2021,305
306,mseakin8h@studiopress.com,Margarethe,Seakin,Genderqueer,11/24/2020,306
307,fdavenell8i@bing.com,Ferdinande,Davenell,Polygender,4/6/2021,307
308,mrude8j@e-recht24.de,Muffin,Rude,Female,8/8/2020,308
309,ndearn8k@census.gov,Nev,Dearn,Polygender,9/18/2020,309
310,eroantree8l@barnesandnoble.com,Elva,Roantree,Non-binary,7/16/2020,310
311,bluchelli8m@archive.org,Bryn,Luchelli,Non-binary,11/19/2020,311
312,alucius8n@rambler.ru,Adele,Lucius,Agender,8/28/2020,312
313,rgunston8o@paginegialle.it,Royal,Gunston,Female,5/21/2020,313
314,wdenson8p@geocities.jp,Wildon,Denson,Agender,2/27/2021,314
315,emasdin8q@cornell.edu,Evey,Masdin,Genderqueer,7/10/2020,315
316,dweal8r@samsung.com,Deidre,Weal,Non-binary,3/19/2021,316
317,dthirlwall8s@mozilla.com,Dayle,Thirlwall,Bigender,5/24/2020,317
318,gpickerell8t@google.de,Gibbie,Pickerell,Female,9/4/2020,318
319,jbaterip8u@princeton.edu,Jacky,Baterip,Genderqueer,11/4/2020,319
320,pferfulle8v@hubpages.com,Pen,Ferfulle,Agender,6/12/2020,320
321,mgannon8w@jalbum.net,Mar,Gannon,Genderfluid,7/15/2020,321
322,afrizell8x@nifty.com,Ania,Frizell,Male,8/28/2020,322
323,bburford8y@addthis.com,Bili,Burford,Bigender,5/19/2021,323
324,lcoldham8z@symantec.com,Lance,Coldham,Agender,8/25/2020,324
325,ffitchett90@usa.gov,Frederica,Fitchett,Polygender,2/26/2021,325
326,dcolbrun91@webeden.co.uk,Druci,Colbrun,Genderfluid,7/29/2020,326
327,msnewin92@flickr.com,Milzie,Snewin,Polygender,2/26/2021,327
328,lvanbaaren93@wiley.com,Lemuel,Van Baaren,Genderfluid,6/26/2020,328
329,blamie94@eepurl.com,Brook,L'Amie,Bigender,9/26/2020,329
330,wrogan95@constantcontact.com,Wilfrid,Rogan,Agender,12/14/2020,330
331,ctremellan96@de.vu,Corrie,Tremellan,Bigender,5/5/2021,331
332,utourne97@auda.org.au,Ulla,Tourne,Polygender,5/8/2021,332
333,cnolton98@odnoklassniki.ru,Christabel,Nolton,Female,1/23/2021,333
334,weminson99@yandex.ru,Willy,Eminson,Polygender,1/12/2021,334
335,sjanecki9a@seattletimes.com,Selia,Janecki,Bigender,10/1/2020,335
336,mrupp9b@mashable.com,Malissia,Rupp,Male,1/10/2021,336
337,lbattisson9c@php.net,Luther,Battisson,Genderfluid,3/6/2021,337
338,kharte9d@mashable.com,Killian,Harte,Genderqueer,5/17/2021,338
339,aodyvoy9e@pcworld.com,Amara,O'Dyvoy,Male,11/1/2020,339
340,kmowbray9f@pcworld.com,Kittie,Mowbray,Male,10/22/2020,340
341,lmendes9g@sfgate.com,Leigh,Mendes,Female,5/22/2020,341
342,khackleton9h@bloglovin.com,Korie,Hackleton,Bigender,4/8/2021,342
343,ghambers9i@squidoo.com,Goddard,Hambers,Polygender,3/19/2021,343
344,agather9j@cnbc.com,Aldus,Gather,Polygender,8/20/2020,344
345,kbaser9k@zimbio.com,Kliment,Baser,Non-binary,11/2/2020,345
346,rpendleberry9l@furl.net,Ruperto,Pendleberry,Bigender,10/27/2020,346
347,dspawforth9m@cbsnews.com,Dimitry,Spawforth,Non-binary,1/28/2021,347
348,memmison9n@icio.us,Marshal,Emmison,Genderfluid,10/10/2020,348
349,mlumsdaine9o@yellowbook.com,Marlee,Lumsdaine,Female,10/28/2020,349
350,rleeson9p@cbc.ca,Rodolfo,Leeson,Genderqueer,5/2/2021,350
351,ndaintier9q@tripod.com,North,Daintier,Polygender,6/2/2020,351
352,hpoulglais9r@list-manage.com,Hilary,Poulglais,Genderfluid,11/10/2020,352
353,jwhistan9s@berkeley.edu,Jacqueline,Whistan,Polygender,11/26/2020,353
354,twainscoat9t@eventbrite.com,Trenton,Wainscoat,Polygender,5/7/2021,354
355,tgyngyll9u@tumblr.com,Tallulah,Gyngyll,Genderfluid,12/14/2020,355
356,kedsall9v@yahoo.com,Kaitlyn,Edsall,Male,2/9/2021,356
357,salyukin9w@wufoo.com,Saudra,Alyukin,Genderqueer,9/13/2020,357
358,malfuso9x@livejournal.com,Murielle,Alfuso,Polygender,7/18/2020,358
359,thuitson9y@elegantthemes.com,Tedi,Huitson,Polygender,3/2/2021,359
360,tbiaggioni9z@chronoengine.com,Trixi,Biaggioni,Genderqueer,5/29/2020,360
361,nedlingtona0@oracle.com,Nilson,Edlington,Genderqueer,9/23/2020,361
362,jruddoma1@xing.com,Jo-ann,Ruddom,Polygender,7/18/2020,362
363,ldonoghuea2@github.io,Lamar,Donoghue,Male,4/30/2021,363
364,jcattanacha3@opensource.org,Jennica,Cattanach,Female,10/16/2020,364
365,hburlinghama4@shinystat.com,Hayward,Burlingham,Agender,7/7/2020,365
366,bmcelvoguea5@twitpic.com,Barny,McElvogue,Male,4/8/2021,366
367,jwrotchforda6@gravatar.com,Junina,Wrotchford,Female,7/18/2020,367
368,gfreaka7@mtv.com,Gwenette,Freak,Male,11/18/2020,368
369,lwhilesa8@mit.edu,Linoel,Whiles,Male,4/5/2021,369
370,vibesona9@time.com,Vivyanne,Ibeson,Agender,6/27/2020,370
371,jkybirdaa@narod.ru,Jayme,Kybird,Female,5/15/2021,371
372,sllopab@google.cn,Sarena,Llop,Genderqueer,8/19/2020,372
373,eoglessaneac@biblegateway.com,Evangeline,O'Glessane,Bigender,6/3/2020,373
374,hmcswanad@jugem.jp,Hannis,McSwan,Agender,8/13/2020,374
375,bduboseae@delicious.com,Bessy,Dubose,Polygender,2/8/2021,375
376,jwhelptonaf@digg.com,Jeffie,Whelpton,Bigender,7/14/2020,376
377,nyeellag@yahoo.co.jp,Nikolaus,Yeell,Agender,8/28/2020,377
378,slarawayah@yelp.com,Staford,Laraway,Agender,7/10/2020,378
379,vburfordai@uiuc.edu,Verene,Burford,Agender,7/12/2020,379
380,aeltoneaj@virginia.edu,Ashely,Eltone,Male,5/9/2021,380
381,aboggsak@pbs.org,Arleyne,Boggs,Female,6/13/2020,381
382,cdumbartonal@ustream.tv,Claire,Dumbarton,Female,7/15/2020,382
383,caitkenam@cdc.gov,Caron,Aitken,Bigender,9/18/2020,383
384,dhumphersonan@cafepress.com,Darcey,Humpherson,Non-binary,1/4/2021,384
385,cracherao@shinystat.com,Cece,Racher,Male,5/14/2021,385
386,kpetruszkaap@berkeley.edu,Klaus,Petruszka,Genderqueer,12/31/2020,386
387,jmulcahyaq@wix.com,Juliet,Mulcahy,Polygender,8/29/2020,387
388,kbycraftar@blinklist.com,Kass,Bycraft,Female,6/29/2020,388
389,sleupoldas@newyorker.com,Syd,Leupold,Female,1/13/2021,389
390,mmcadamat@ucoz.ru,Mabel,McAdam,Male,9/20/2020,390
391,tbrasau@ocn.ne.jp,Terrance,Bras,Non-binary,6/11/2020,391
392,agonsalvezav@foxnews.com,Adorne,Gonsalvez,Agender,12/22/2020,392
393,esiberryaw@apple.com,Emmerich,Siberry,Bigender,5/19/2021,393
394,diannettiax@toplist.cz,Dion,Iannetti,Male,8/10/2020,394
395,bluneay@hp.com,Basile,Lune,Genderfluid,7/20/2020,395
396,teddisforthaz@businessinsider.com,Tabby,Eddisforth,Non-binary,9/8/2020,396
397,lkarpenyab0@craigslist.org,Lorette,Karpenya,Genderqueer,10/25/2020,397
398,cpatientb1@pen.io,Catlaina,Patient,Male,10/18/2020,398
399,tpeyeb2@wufoo.com,Tessi,Peye,Polygender,8/20/2020,399
400,bduddenb3@is.gd,Bellina,Dudden,Bigender,9/11/2020,400
401,rmoneyb4@craigslist.org,Rutherford,Money,Genderfluid,9/7/2020,401
402,kbrandenburgb5@exblog.jp,Kerstin,Brandenburg,Female,3/12/2021,402
403,emulderb6@constantcontact.com,Edik,Mulder,Female,2/7/2021,403
404,jweatherburnb7@ow.ly,Jacky,Weatherburn,Female,10/8/2020,404
405,mcollyerb8@instagram.com,Mufinella,Collyer,Genderqueer,8/27/2020,405
406,plilleb9@cnn.com,Pammy,Lille,Genderfluid,9/3/2020,406
407,jdiddamsba@wisc.edu,Julian,Diddams,Polygender,12/4/2020,407
408,bgippesbb@technorati.com,Barrie,Gippes,Genderqueer,9/20/2020,408
409,ehowleybc@flavors.me,Effie,Howley,Polygender,9/24/2020,409
410,lglandonbd@flavors.me,Latrena,Glandon,Male,10/27/2020,410
411,bpitkinsbe@gnu.org,Benson,Pitkins,Female,7/19/2020,411
412,lmccallisterbf@gmpg.org,Luce,McCallister,Female,3/4/2021,412
413,lgrindallbg@de.vu,Lark,Grindall,Male,4/5/2021,413
414,wbusfieldbh@who.int,Waylin,Busfield,Male,3/11/2021,414
415,lbamellbi@simplemachines.org,Lynne,Bamell,Bigender,5/25/2020,415
416,bbulfoybj@freewebs.com,Babbie,Bulfoy,Female,9/22/2020,416
417,ksimisterbk@cnbc.com,Ky,Simister,Genderqueer,11/9/2020,417
418,jbowichbl@rambler.ru,Jacintha,Bowich,Female,5/22/2020,418
419,ehonackerbm@hhs.gov,Elizabeth,Honacker,Bigender,3/3/2021,419
420,dfrerebn@samsung.com,Duff,Frere,Polygender,10/14/2020,420
421,bbartkowiakbo@patch.com,Buck,Bartkowiak,Agender,6/6/2020,421
422,cmcimmiebp@nytimes.com,Chloe,Mcimmie,Female,3/19/2021,422
423,rjandourekbq@wufoo.com,Rolf,Jandourek,Non-binary,9/9/2020,423
424,ssharrambr@netvibes.com,Sansone,Sharram,Non-binary,11/3/2020,424
425,oingarfieldbs@ucla.edu,Oliver,Ingarfield,Female,7/1/2020,425
426,fvillabt@ebay.com,Fransisco,Villa,Genderqueer,9/2/2020,426
427,lcaviebu@mtv.com,Lu,Cavie,Polygender,6/24/2020,427
428,opudanbv@plala.or.jp,Olia,Pudan,Female,1/21/2021,428
429,rmerwebw@businessweek.com,Ruby,Merwe,Genderfluid,3/10/2021,429
430,eetchellbx@topsy.com,Evvy,Etchell,Male,1/13/2021,430
431,gbrimmellby@storify.com,Glenine,Brimmell,Female,1/25/2021,431
432,hreavellbz@ihg.com,Hunter,Reavell,Female,9/7/2020,432
433,joldlandc0@blogger.com,Jenna,Oldland,Male,2/7/2021,433
434,phexumc1@ftc.gov,Pearce,Hexum,Non-binary,11/25/2020,434
435,ddeussc2@sina.com.cn,Desirae,Deuss,Female,6/27/2020,435
436,danstiec3@soundcloud.com,Devy,Anstie,Male,5/5/2021,436
437,wsheac4@jiathis.com,Winnie,Shea,Female,9/11/2020,437
438,kbyattc5@posterous.com,Kalle,Byatt,Female,10/20/2020,438
439,lhaddowc6@usgs.gov,Lazarus,Haddow,Polygender,9/26/2020,439
440,eenderlec7@hp.com,Erica,Enderle,Non-binary,7/17/2020,440
441,fiansonc8@walmart.com,Fredra,I'anson,Female,11/14/2020,441
442,zbritnellc9@flavors.me,Zed,Britnell,Bigender,5/22/2020,442
443,mpeddenca@guardian.co.uk,Magnum,Pedden,Polygender,11/2/2020,443
444,isumptercb@biblegateway.com,Isaac,Sumpter,Genderfluid,9/1/2020,444
445,skyteleycc@goo.gl,Star,Kyteley,Female,6/6/2020,445
446,epartrickcd@prlog.org,Ezechiel,Partrick,Genderfluid,5/10/2021,446
447,dpudance@histats.com,Devon,Pudan,Male,5/16/2021,447
448,arothertcf@blogspot.com,Aida,Rothert,Bigender,5/25/2020,448
449,icorcutcg@independent.co.uk,Irene,Corcut,Female,8/22/2020,449
450,cmcgennisch@domainmarket.com,Correy,McGennis,Male,9/16/2020,450
451,djoreci@comsenz.com,Dixie,Jore,Bigender,11/26/2020,451
452,bvanderhovencj@chicagotribune.com,Bel,Van der Hoven,Bigender,11/21/2020,452
453,pcreekck@cdc.gov,Perri,Creek,Non-binary,1/11/2021,453
454,rickowiczcl@walmart.com,Rriocard,Ickowicz,Bigender,7/11/2020,454
455,erenoncm@springer.com,Eduardo,Renon,Agender,8/7/2020,455
456,kkilnercn@nytimes.com,Korry,Kilner,Polygender,2/23/2021,456
457,ahayhoeco@chronoengine.com,Arlette,Hayhoe,Genderqueer,6/8/2020,457
458,hcourtincp@ustream.tv,Hashim,Courtin,Genderfluid,2/26/2021,458
459,mgarthlandcq@yelp.com,Mella,Garthland,Genderfluid,8/27/2020,459
460,bdibartolomeocr@edublogs.org,Babara,Di Bartolomeo,Polygender,2/13/2021,460
461,jkermannescs@typepad.com,Julie,Kermannes,Polygender,7/12/2020,461
462,hhannantct@livejournal.com,Hunter,Hannant,Bigender,12/25/2020,462
463,jpealcu@washingtonpost.com,Judon,Peal,Agender,12/4/2020,463
464,dheywardcv@skyrock.com,Dorrie,Heyward,Non-binary,6/25/2020,464
465,iborlescw@google.nl,Izaak,Borles,Genderfluid,7/6/2020,465
466,dbathoecx@dot.gov,Dori,Bathoe,Genderqueer,1/2/2021,466
467,ecollcy@google.de,Eloise,Coll,Female,3/30/2021,467
468,sjuppecz@omniture.com,Sumner,Juppe,Male,3/25/2021,468
469,ldelloydd0@printfriendly.com,Lonni,de Lloyd,Genderqueer,1/13/2021,469
470,rpetod1@themeforest.net,Renard,Peto,Non-binary,5/16/2021,470
471,amassingerd2@census.gov,Adham,Massinger,Polygender,2/2/2021,471
472,emurrayd3@nbcnews.com,Ewen,Murray,Bigender,11/2/2020,472
473,aloderd4@delicious.com,Alexandr,Loder,Bigender,3/3/2021,473
474,tmeconid5@amazon.de,Torie,Meconi,Genderfluid,8/27/2020,474
475,fcranmered6@joomla.org,Fayth,Cranmere,Non-binary,5/4/2021,475
476,swhyffend7@google.com.hk,Sibley,Whyffen,Male,12/13/2020,476
477,crighyd8@cdbaby.com,Corie,Righy,Genderqueer,12/11/2020,477
478,swauchoped9@csmonitor.com,Shantee,Wauchope,Genderfluid,9/19/2020,478
479,karnoldida@tripadvisor.com,Kim,Arnoldi,Polygender,4/15/2021,479
480,orussillldb@google.de,Olivette,Russilll,Genderqueer,2/6/2021,480
481,sbillingedc@webs.com,Susi,Billinge,Polygender,12/15/2020,481
482,awingeatdd@is.gd,Avie,Wingeat,Male,6/16/2020,482
483,kblythingde@businesswire.com,Kaila,Blything,Bigender,6/11/2020,483
484,vlenahandf@multiply.com,Vidovic,Lenahan,Female,7/13/2020,484
485,amulroydg@wordpress.com,Aube,Mulroy,Polygender,12/1/2020,485
486,nmccoishdh@jigsy.com,Natty,McCoish,Polygender,9/19/2020,486
487,kgarnseydi@domainmarket.com,Karry,Garnsey,Polygender,2/20/2021,487
488,thamberstonedj@ucoz.com,Tybi,Hamberstone,Agender,6/12/2020,488
489,leastcottdk@netvibes.com,Lowell,Eastcott,Non-binary,1/21/2021,489
490,zvowelsdl@cnbc.com,Zachariah,Vowels,Non-binary,12/17/2020,490
491,cgilforddm@wikipedia.org,Calli,Gilford,Agender,5/23/2020,491
492,mkernoghandn@state.tx.us,Merrielle,Kernoghan,Polygender,9/21/2020,492
493,ncotmando@123-reg.co.uk,Nappie,Cotman,Male,11/19/2020,493
494,ahubbisdp@nbcnews.com,Arley,Hubbis,Polygender,9/16/2020,494
495,bgerglerdq@admin.ch,Bent,Gergler,Polygender,2/6/2021,495
496,dpippingdr@etsy.com,Dominique,Pipping,Non-binary,6/6/2020,496
497,nprysds@i2i.jp,Nicola,Prys,Bigender,4/12/2021,497
498,pdallowaydt@smugmug.com,Payton,Dalloway,Bigender,4/21/2021,498
499,abrozdu@skyrock.com,Alvy,Broz,Male,5/14/2021,499
500,sstutarddv@yelp.com,Sari,Stutard,Polygender,11/26/2020,500
501,dengelbrechtdw@google.co.jp,Dido,Engelbrecht,Female,7/16/2020,501
502,lsatcherdx@netlog.com,Lincoln,Satcher,Non-binary,7/20/2020,502
503,fkellertdy@home.pl,Filia,Kellert,Polygender,6/28/2020,503
504,bchasterdz@businesswire.com,Blondie,Chaster,Bigender,3/4/2021,504
505,coggere0@jalbum.net,Cozmo,Ogger,Female,5/22/2020,505
506,hmcgarvae1@drupal.org,Heinrick,McGarva,Non-binary,11/2/2020,506
507,eebunoluwae2@live.com,Edd,Ebunoluwa,Genderfluid,7/26/2020,507
508,rpergense3@bloomberg.com,Reinwald,Pergens,Polygender,12/13/2020,508
509,ppoyzere4@digg.com,Piggy,Poyzer,Genderqueer,12/10/2020,509
510,mnovichenkoe5@nature.com,Meredith,Novichenko,Bigender,6/2/2020,510
511,nlarchiere6@pcworld.com,Noel,Larchier,Bigender,3/29/2021,511
512,vmanuellie7@moonfruit.com,Veriee,Manuelli,Male,7/14/2020,512
513,dmungine8@ovh.net,Daryl,Mungin,Agender,8/25/2020,513
514,rpieterse9@sina.com.cn,Raquela,Pieters,Female,3/27/2021,514
515,dabramowskyea@oracle.com,Donna,Abramowsky,Agender,7/9/2020,515
516,mmurfilleb@etsy.com,Millisent,Murfill,Non-binary,8/24/2020,516
517,cbladgeec@netlog.com,Clarisse,Bladge,Bigender,12/26/2020,517
518,dbullened@creativecommons.org,Donni,Bullen,Female,9/8/2020,518
519,twaleworkee@squarespace.com,Tab,Walework,Agender,1/31/2021,519
520,kkinkadeef@mtv.com,Kin,Kinkade,Genderqueer,10/17/2020,520
521,kaspinwalleg@answers.com,Kass,Aspinwall,Genderfluid,5/15/2021,521
522,hdonneelyeh@deviantart.com,Hamilton,Donneely,Agender,11/23/2020,522
523,mbarnardoei@ow.ly,Malchy,Barnardo,Genderfluid,7/3/2020,523
524,sbaertej@bravesites.com,Shaylah,Baert,Agender,3/5/2021,524
525,kisaaksohnek@symantec.com,Kasper,Isaaksohn,Polygender,5/15/2021,525
526,eferrettiel@arizona.edu,Earlie,Ferretti,Agender,5/24/2020,526
527,bbrimilcombeem@cisco.com,Barbe,Brimilcombe,Genderfluid,11/6/2020,527
528,cduhamelen@hp.com,Cordey,Du Hamel,Bigender,12/8/2020,528
529,gmachaneo@yolasite.com,Gaby,Machan,Non-binary,5/16/2021,529
530,aszaboep@cornell.edu,Auguste,Szabo,Female,10/26/2020,530
531,bcarnelleq@twitter.com,Basilius,Carnell,Female,1/9/2021,531
532,gdryburgher@flavors.me,Garrick,Dryburgh,Polygender,11/1/2020,532
533,rgalles@wikispaces.com,Rabi,Gall,Genderfluid,4/13/2021,533
534,fathertonet@washingtonpost.com,Fredric,Atherton,Polygender,11/23/2020,534
535,pworgeu@behance.net,Phaidra,Worg,Non-binary,8/29/2020,535
536,sbodleyev@icq.com,Silvester,Bodley,Non-binary,8/30/2020,536
537,mrosenzveigew@miitbeian.gov.cn,Marlow,Rosenzveig,Non-binary,3/4/2021,537
538,gplinckex@sohu.com,Gabriella,Plinck,Non-binary,11/29/2020,538
539,abrigmaney@posterous.com,Archambault,Brigman,Non-binary,7/8/2020,539
540,jdunsterez@reuters.com,Jeremias,Dunster,Polygender,5/6/2021,540
541,dfilderyf0@elpais.com,Denna,Fildery,Agender,2/28/2021,541
542,bnormanf1@statcounter.com,Betty,Norman,Agender,4/27/2021,542
543,kmacellenf2@blog.com,Krispin,MacEllen,Female,7/9/2020,543
544,cjulianf3@reddit.com,Cull,Julian,Male,3/17/2021,544
545,shinckesf4@amazon.com,Silvester,Hinckes,Agender,5/25/2020,545
546,gdykaf5@youku.com,Glynnis,Dyka,Bigender,1/1/2021,546
547,nhaughtonf6@weather.com,Nev,Haughton,Bigender,8/7/2020,547
548,dcreasef7@huffingtonpost.com,Debera,Crease,Non-binary,4/16/2021,548
549,emackeggf8@noaa.gov,Emmalyn,MacKegg,Female,1/13/2021,549
550,kfonesf9@chron.com,Karee,Fones,Genderfluid,5/18/2021,550
551,bdelcastellofa@hhs.gov,Benny,Del Castello,Genderfluid,6/2/2020,551
552,mlillyfb@nytimes.com,Myrilla,Lilly,Bigender,9/14/2020,552
553,gwayefc@hp.com,Gerrie,Waye,Genderfluid,2/23/2021,553
554,dmatteifd@chicagotribune.com,Dacey,Mattei,Female,1/11/2021,554
555,ebutrimovichfe@tumblr.com,Em,Butrimovich,Female,11/2/2020,555
556,dworhamff@360.cn,Dona,Worham,Bigender,7/29/2020,556
557,tswindellsfg@odnoklassniki.ru,Thomas,Swindells,Male,7/29/2020,557
558,pdownagefh@epa.gov,Pammi,Downage,Male,12/11/2020,558
559,rdaskiewiczfi@delicious.com,Rowland,Daskiewicz,Genderfluid,10/10/2020,559
560,jshallofj@microsoft.com,Jonah,Shallo,Bigender,9/18/2020,560
561,kmerwefk@telegraph.co.uk,Keefer,Merwe,Genderqueer,10/1/2020,561
562,gmacnockaterfl@macromedia.com,Gerladina,MacNockater,Agender,2/25/2021,562
563,cheatonfm@seesaa.net,Caspar,Heaton,Male,9/19/2020,563
564,bwooddissefn@marriott.com,Beale,Wooddisse,Genderqueer,12/10/2020,564
565,ssextiefo@blogtalkradio.com,Sybyl,Sextie,Genderqueer,6/17/2020,565
566,vgilfetherfp@technorati.com,Veronike,Gilfether,Agender,9/4/2020,566
567,cmccomishfq@google.ca,Cindie,McComish,Bigender,11/1/2020,567
568,nmacdearmontfr@ebay.com,Noe,MacDearmont,Genderqueer,12/25/2020,568
569,eklassfs@free.fr,Emmott,Klass,Male,2/12/2021,569
570,ypettendrichft@pbs.org,Yoshi,Pettendrich,Genderfluid,7/30/2020,570
571,rsaltwellfu@cbslocal.com,Read,Saltwell,Polygender,2/9/2021,571
572,cthayrefv@meetup.com,Charleen,Thayre,Female,3/15/2021,572
573,klicquorishfw@berkeley.edu,Kayle,Licquorish,Genderfluid,2/21/2021,573
574,glauritzenfx@opensource.org,Grove,Lauritzen,Genderfluid,8/30/2020,574
575,mroseamanfy@ask.com,Melisandra,Roseaman,Polygender,4/25/2021,575
576,ahylandsfz@bluehost.com,Audrye,Hylands,Agender,5/31/2020,576
577,eblaslig0@huffingtonpost.com,Elsy,Blasli,Genderqueer,11/4/2020,577
578,blampertg1@utexas.edu,Bat,Lampert,Non-binary,6/16/2020,578
579,cspellissyg2@jalbum.net,Carola,Spellissy,Non-binary,1/27/2021,579
580,gteaseg3@reddit.com,Goldarina,Tease,Agender,11/12/2020,580
581,cmckinnag4@gravatar.com,Conchita,McKinna,Agender,2/21/2021,581
582,abrettorg5@usnews.com,Aurea,Brettor,Genderqueer,3/23/2021,582
583,iblackbourng6@de.vu,Ingar,Blackbourn,Genderfluid,12/15/2020,583
584,drollittg7@wired.com,Danette,Rollitt,Polygender,1/1/2021,584
585,hcogmang8@furl.net,Horst,Cogman,Genderfluid,3/10/2021,585
586,gloosleyg9@dot.gov,Giselbert,Loosley,Male,1/24/2021,586
587,kkrogerga@yandex.ru,Kalina,Kroger,Genderqueer,5/7/2021,587
588,btregenzagb@1und1.de,Bendicty,Tregenza,Genderfluid,10/16/2020,588
589,ganderschgc@discuz.net,Gaelan,Andersch,Male,5/3/2021,589
590,jlaudergd@infoseek.co.jp,Jennica,Lauder,Non-binary,3/13/2021,590
591,mjarmynge@reverbnation.com,Miguela,Jarmyn,Bigender,11/14/2020,591
592,bdoygf@webeden.co.uk,Brendin,Doy,Non-binary,3/23/2021,592
593,stunnockgg@theglobeandmail.com,Shermy,Tunnock,Polygender,8/19/2020,593
594,ncorradinogh@people.com.cn,Ninnetta,Corradino,Non-binary,8/2/2020,594
595,hbeagriegi@ucoz.com,Hyacinthia,Beagrie,Bigender,7/7/2020,595
596,rkinningj@desdev.cn,Randolf,Kinnin,Female,7/15/2020,596
597,tskeelsgk@adobe.com,Terrijo,Skeels,Genderqueer,8/31/2020,597
598,mspringallgl@digg.com,Myer,Springall,Polygender,1/29/2021,598
599,jbawmegm@jimdo.com,Jerrold,Bawme,Non-binary,8/26/2020,599
600,vsiegertszgn@ucsd.edu,Vin,Siegertsz,Male,10/26/2020,600
601,lreggianigo@netlog.com,Linnea,Reggiani,Non-binary,10/6/2020,601
602,cclinkardgp@macromedia.com,Corena,Clinkard,Genderqueer,1/15/2021,602
603,efinlaygq@rambler.ru,Edyth,Finlay,Non-binary,12/30/2020,603
604,msimmgengr@mapquest.com,Madelina,Simmgen,Bigender,6/19/2020,604
605,agavriellygs@nih.gov,Alair,Gavrielly,Male,7/13/2020,605
606,pkerranegt@trellian.com,Price,Kerrane,Female,9/21/2020,606
607,kmatysiakgu@youtu.be,Keane,Matysiak,Female,2/28/2021,607
608,mrumseygv@fotki.com,Michael,Rumsey,Polygender,6/29/2020,608
609,bmassowgw@mtv.com,Benjamin,Massow,Agender,8/30/2020,609
610,rkermongx@twitpic.com,Ronny,Kermon,Genderqueer,6/13/2020,610
611,mmcteergy@rakuten.co.jp,Margi,McTeer,Female,7/31/2020,611
612,mdrinkhillgz@nature.com,Murdoch,Drinkhill,Bigender,8/5/2020,612
613,mkwietekh0@wordpress.com,Murray,Kwietek,Polygender,5/15/2021,613
614,gbanaszczykh1@odnoklassniki.ru,Gabrielle,Banaszczyk,Polygender,6/14/2020,614
615,bhallyburtonh2@wunderground.com,Blakelee,Hallyburton,Non-binary,11/14/2020,615
616,mduetschensh3@harvard.edu,Mose,Duetschens,Bigender,10/30/2020,616
617,mpasfieldh4@forbes.com,Marylinda,Pasfield,Genderfluid,11/20/2020,617
618,oroebottomh5@people.com.cn,Orlando,Roebottom,Female,6/13/2020,618
619,pslatenh6@sun.com,Pennie,Slaten,Male,7/19/2020,619
620,gmurchh7@mit.edu,Gale,Murch,Bigender,9/20/2020,620
621,adepietrih8@istockphoto.com,Alanson,De Pietri,Agender,3/30/2021,621
622,rdoneldh9@theglobeandmail.com,Rhianna,Doneld,Female,3/14/2021,622
623,apatisha@storify.com,Alysa,Patis,Genderqueer,8/14/2020,623
624,cwetherillhb@theatlantic.com,Cahra,Wetherill,Polygender,8/22/2020,624
625,fclapphc@auda.org.au,Ferrel,Clapp,Non-binary,7/28/2020,625
626,pswadlinghd@sun.com,Peter,Swadling,Genderfluid,11/6/2020,626
627,ystarrhe@istockphoto.com,Yorgos,Starr,Bigender,2/1/2021,627
628,wkinnenhf@scientificamerican.com,Wanda,Kinnen,Polygender,11/30/2020,628
629,fberthomierhg@bloglovin.com,Fleming,Berthomier,Polygender,9/16/2020,629
630,mpolinihh@stanford.edu,Malvin,Polini,Non-binary,7/14/2020,630
631,kbrodwayhi@dagondesign.com,Kaycee,Brodway,Genderfluid,4/10/2021,631
632,faldwincklehj@cdbaby.com,Frannie,Aldwinckle,Genderfluid,3/17/2021,632
633,mvizardhk@delicious.com,Maryjane,Vizard,Bigender,7/14/2020,633
634,cstainburnhl@prlog.org,Cris,Stainburn,Genderqueer,3/2/2021,634
635,fcuredellhm@etsy.com,Fredek,Curedell,Polygender,3/24/2021,635
636,matterburyhn@webs.com,Miner,Atterbury,Non-binary,12/27/2020,636
637,ffidalho@e-recht24.de,Fanchon,Fidal,Genderfluid,1/28/2021,637
638,mmaulkinhp@google.ru,Max,Maulkin,Polygender,1/7/2021,638
639,hdevonaldhq@smugmug.com,Hannis,Devonald,Polygender,6/24/2020,639
640,rcafehr@parallels.com,Rici,Cafe,Non-binary,7/26/2020,640
641,zaleksankovhs@macromedia.com,Zollie,Aleksankov,Genderfluid,6/1/2020,641
642,tsandellht@utexas.edu,Talia,Sandell,Male,1/18/2021,642
643,wgowthrophu@census.gov,Wallis,Gowthrop,Genderqueer,10/15/2020,643
644,tjahanhv@ebay.co.uk,Torrence,Jahan,Female,9/24/2020,644
645,ssalamanhw@51.la,Sydelle,Salaman,Male,10/8/2020,645
646,nbirkshx@icio.us,Ned,Birks,Male,2/3/2021,646
647,hpantlinhy@telegraph.co.uk,Hestia,Pantlin,Non-binary,10/5/2020,647
648,hjoscelinhz@gmpg.org,Herold,Joscelin,Genderqueer,6/2/2020,648
649,pmagnari0@hibu.com,Page,Magnar,Male,2/2/2021,649
650,fethelstonei1@e-recht24.de,Findlay,Ethelstone,Genderqueer,2/14/2021,650
651,audyi2@altervista.org,Adelice,Udy,Bigender,12/6/2020,651
652,eamiesi3@odnoklassniki.ru,Efren,Amies,Female,4/20/2021,652
653,dmacfadyeni4@businesswire.com,Daisy,MacFadyen,Agender,10/7/2020,653
654,ehorsteadi5@drupal.org,Ethelred,Horstead,Polygender,9/14/2020,654
655,tmarxseni6@taobao.com,Tybalt,Marxsen,Male,7/16/2020,655
656,klungei7@utexas.edu,Kelley,Lunge,Agender,9/28/2020,656
657,bcleyburni8@drupal.org,Barris,Cleyburn,Non-binary,8/14/2020,657
658,jbullusi9@example.com,Jolynn,Bullus,Genderqueer,11/14/2020,658
659,twilloxia@hp.com,Tiebout,Willox,Non-binary,3/24/2021,659
660,gloughlanib@vimeo.com,Gardner,Loughlan,Genderfluid,12/2/2020,660
661,slyneic@gravatar.com,Selie,Lyne,Female,5/9/2021,661
662,ehanfordid@1688.com,Elden,Hanford,Female,10/22/2020,662
663,rkingsmillie@google.com.au,Russell,Kingsmill,Genderfluid,3/3/2021,663
664,cmanusif@mail.ru,Clare,Manus,Polygender,9/10/2020,664
665,vhamblingtonig@ebay.co.uk,Vern,Hamblington,Genderfluid,2/17/2021,665
666,tledesih@trellian.com,Thekla,Ledes,Bigender,12/25/2020,666
667,efiddyii@nbcnews.com,Ephrem,Fiddy,Polygender,8/21/2020,667
668,ngundreyij@dell.com,Neda,Gundrey,Agender,1/7/2021,668
669,zhrinishinik@bbb.org,Zulema,Hrinishin,Agender,9/23/2020,669
670,tinggallil@loc.gov,Tommy,Inggall,Bigender,7/21/2020,670
671,fbagnoldim@theglobeandmail.com,Faina,Bagnold,Genderfluid,8/13/2020,671
672,gdosdillin@list-manage.com,Gibb,Dosdill,Bigender,2/22/2021,672
673,bwetwoodio@loc.gov,Benjamin,Wetwood,Male,7/6/2020,673
674,tmeriotip@github.com,Tabbitha,Meriot,Genderfluid,11/24/2020,674
675,mpotteryiq@mediafire.com,Maybelle,Pottery,Polygender,12/25/2020,675
676,brichmondir@dailymotion.com,Beverie,Richmond,Non-binary,9/21/2020,676
677,planfareis@microsoft.com,Paulo,Lanfare,Male,5/17/2021,677
678,bpresleyit@vk.com,Brendis,Presley,Bigender,8/4/2020,678
679,kmacadieiu@i2i.jp,Karina,MacAdie,Genderqueer,1/23/2021,679
680,pdecourcyiv@columbia.edu,Pacorro,Decourcy,Polygender,9/10/2020,680
681,rmackibboniw@whitehouse.gov,Rogers,MacKibbon,Female,8/15/2020,681
682,vbilsonix@whitehouse.gov,Vivien,Bilson,Polygender,4/21/2021,682
683,msherwiniy@phoca.cz,Myrvyn,Sherwin,Genderqueer,5/12/2021,683
684,kbevissiz@vkontakte.ru,Kienan,Beviss,Genderqueer,12/3/2020,684
685,dgillcristj0@webmd.com,Darcy,Gillcrist,Male,2/18/2021,685
686,aheatliej1@slideshare.net,Annis,Heatlie,Bigender,3/26/2021,686
687,cvonhagtj2@businessinsider.com,Clarey,von Hagt,Female,4/14/2021,687
688,dnettij3@zimbio.com,Donall,Netti,Female,9/26/2020,688
689,ahechlinj4@pcworld.com,Abner,Hechlin,Bigender,11/29/2020,689
690,gcovellj5@deliciousdays.com,Gae,Covell,Female,7/12/2020,690
691,lmcgillecolej6@ocn.ne.jp,Laverne,McGillecole,Non-binary,6/13/2020,691
692,cmcgrathj7@ucla.edu,Cristionna,Mc Grath,Bigender,9/2/2020,692
693,psnarej8@sun.com,Priscilla,Snare,Male,9/22/2020,693
694,hgianneschij9@ocn.ne.jp,Harmonie,Gianneschi,Female,3/3/2021,694
695,bgossanja@wufoo.com,Burty,Gossan,Male,2/27/2021,695
696,acorballyjb@tinyurl.com,Arabella,Corbally,Bigender,4/16/2021,696
697,dbosankojc@seesaa.net,Deny,Bosanko,Female,4/14/2021,697
698,djordanjd@deviantart.com,Dario,Jordan,Genderfluid,9/11/2020,698
699,vmilnerje@list-manage.com,Vivian,Milner,Polygender,12/3/2020,699
700,dhugkjf@google.co.jp,Doro,Hugk,Female,11/14/2020,700
701,zescalajg@miibeian.gov.cn,Zorana,Escala,Agender,6/19/2020,701
702,frainerjh@soundcloud.com,Ferdinanda,Rainer,Male,9/24/2020,702
703,ctimmermannji@who.int,Cheslie,Timmermann,Genderqueer,6/20/2020,703
704,jswaislandjj@amazon.co.uk,Jolynn,Swaisland,Polygender,3/13/2021,704
705,kmouldenjk@nyu.edu,Krispin,Moulden,Non-binary,2/8/2021,705
706,ctiplingjl@pagesperso-orange.fr,Concordia,Tipling,Agender,3/2/2021,706
707,tsamwysejm@google.it,Toma,Samwyse,Polygender,6/20/2020,707
708,abradanejn@reference.com,Aime,Bradane,Female,5/2/2021,708
709,rnasonjo@hao123.com,Reese,Nason,Genderfluid,2/1/2021,709
710,hlumblyjp@cdc.gov,Hagen,Lumbly,Genderfluid,8/1/2020,710
711,gdallawayjq@t.co,Geri,Dallaway,Polygender,5/12/2021,711
712,akildalejr@sohu.com,Augie,Kildale,Genderqueer,4/13/2021,712
713,ckintzeljs@wikispaces.com,Cherish,Kintzel,Bigender,2/12/2021,713
714,elardezjt@typepad.com,Em,Lardez,Male,10/20/2020,714
715,fdoberju@google.it,Farra,Dober,Genderqueer,5/11/2021,715
716,ajachtymjv@com.com,Aldwin,Jachtym,Male,11/8/2020,716
717,yspeakjw@springer.com,Yale,Speak,Genderfluid,1/29/2021,717
718,dfeedhamjx@i2i.jp,Derwin,Feedham,Non-binary,1/16/2021,718
719,sroozejy@blog.com,Shadow,Rooze,Polygender,2/20/2021,719
720,vshernockjz@answers.com,Valenka,Shernock,Non-binary,8/29/2020,720
721,ffittonk0@twitter.com,Felice,Fitton,Polygender,12/24/2020,721
722,tsabeyk1@uol.com.br,Tristam,Sabey,Female,8/13/2020,722
723,nskamalk2@artisteer.com,Neila,Skamal,Genderfluid,2/15/2021,723
724,abaughamk3@washingtonpost.com,Artemus,Baugham,Female,1/25/2021,724
725,bkymek4@pbs.org,Bonnie,Kyme,Genderfluid,3/4/2021,725
726,mnutkink5@canalblog.com,Maris,Nutkin,Genderfluid,5/18/2021,726
727,ovandaalenk6@cbc.ca,Opalina,Van Daalen,Genderqueer,11/12/2020,727
728,aollierk7@squarespace.com,Adey,Ollier,Agender,1/22/2021,728
729,ssollonk8@themeforest.net,Sher,Sollon,Agender,6/25/2020,729
730,elammingk9@about.com,Erhart,Lamming,Agender,4/16/2021,730
731,nyurlovka@usa.gov,Nate,Yurlov,Male,12/8/2020,731
732,gdemongeotkb@salon.com,Gertruda,Demongeot,Polygender,6/16/2020,732
733,kagarkc@cam.ac.uk,Kendal,Agar,Agender,5/24/2020,733
734,frossantkd@dion.ne.jp,Fanni,Rossant,Agender,6/25/2020,734
735,ggraddonke@columbia.edu,Guglielma,Graddon,Agender,7/30/2020,735
736,ggallehockkf@ted.com,Gwenette,Gallehock,Genderfluid,6/15/2020,736
737,cfosdikekg@vistaprint.com,Carolynn,Fosdike,Agender,1/31/2021,737
738,lwoolmorekh@cornell.edu,Latia,Woolmore,Male,10/23/2020,738
739,tseamanski@hc360.com,Trudie,Seamans,Genderfluid,4/10/2021,739
740,tweatherbykj@wordpress.com,Tommie,Weatherby,Agender,3/26/2021,740
741,lrowlandskk@abc.net.au,Lars,Rowlands,Genderfluid,9/30/2020,741
742,lgeartykl@answers.com,Lisbeth,Gearty,Polygender,9/1/2020,742
743,tthistletonkm@purevolume.com,Teodoor,Thistleton,Female,9/29/2020,743
744,hgreestkn@scribd.com,Hobard,Greest,Non-binary,4/13/2021,744
745,kmadnerko@1688.com,Katya,Madner,Polygender,3/11/2021,745
746,kreynoldsonkp@washingtonpost.com,Kirstyn,Reynoldson,Non-binary,1/28/2021,746
747,sshouttkq@slashdot.org,Shantee,Shoutt,Polygender,9/24/2020,747
748,afatherskr@ustream.tv,Alfy,Fathers,Bigender,9/27/2020,748
749,ggimenoks@gov.uk,Georgianna,Gimeno,Agender,5/29/2020,749
750,lmiddlemistkt@amazon.co.uk,Lane,Middlemist,Polygender,5/2/2021,750
751,tmcgarrellku@imageshack.us,Thomasine,McGarrell,Male,7/22/2020,751
752,cderbykv@hugedomains.com,Chariot,Derby,Non-binary,7/7/2020,752
753,cstallionkw@engadget.com,Cathi,Stallion,Non-binary,3/13/2021,753
754,adukelowkx@networksolutions.com,Annora,Dukelow,Female,4/24/2021,754
755,tcapelenky@webs.com,Tonya,Capelen,Bigender,5/3/2021,755
756,mrapsonkz@nsw.gov.au,Martynne,Rapson,Female,2/28/2021,756
757,jstrettelll0@twitter.com,Joyann,Strettell,Genderqueer,1/23/2021,757
758,rdotl1@sina.com.cn,Rooney,Dot,Genderfluid,4/12/2021,758
759,athickingl2@jigsy.com,Aindrea,Thicking,Female,5/31/2020,759
760,mberthomieul3@dell.com,Merrile,Berthomieu,Polygender,8/7/2020,760
761,kbaudassil4@barnesandnoble.com,Kaja,Baudassi,Genderfluid,11/23/2020,761
762,drichterl5@walmart.com,Dierdre,Richter,Genderfluid,12/20/2020,762
763,mbresnerl6@gmpg.org,Martita,Bresner,Genderqueer,8/11/2020,763
764,candriolettil7@msu.edu,Chandra,Andrioletti,Genderfluid,3/30/2021,764
765,abrookbankl8@ed.gov,Annabel,Brookbank,Bigender,4/27/2021,765
766,bmingayl9@va.gov,Belita,Mingay,Female,9/9/2020,766
767,bblenkinsoppla@wordpress.com,Boothe,Blenkinsopp,Genderfluid,7/23/2020,767
768,lmacgiollapheadairlb@istockphoto.com,Lyndsie,MacGiolla Pheadair,Polygender,11/7/2020,768
769,cpietruszkalc@sciencedirect.com,Chick,Pietruszka,Non-binary,1/28/2021,769
770,pmendozald@macromedia.com,Patrice,Mendoza,Female,7/8/2020,770
771,tbentonle@rakuten.co.jp,Thomasa,Benton,Female,6/4/2020,771
772,iedgleylf@state.tx.us,Ingelbert,Edgley,Agender,1/21/2021,772
773,yecclestonelg@aol.com,Yetta,Ecclestone,Genderqueer,11/13/2020,773
774,hgiacomuccilh@unicef.org,Horacio,Giacomucci,Female,9/16/2020,774
775,amoncasterli@auda.org.au,Ally,Moncaster,Non-binary,9/10/2020,775
776,kplaicelj@sciencedirect.com,Kendra,Plaice,Male,4/2/2021,776
777,baireylk@virginia.edu,Brady,Airey,Bigender,3/28/2021,777
778,viiannonell@accuweather.com,Vinny,Iiannone,Genderqueer,9/16/2020,778
779,gharyngtonlm@slate.com,Genevieve,Haryngton,Genderfluid,6/5/2020,779
780,eespadaterln@webnode.com,Enrica,Espadater,Bigender,4/8/2021,780
781,jdalgarnolo@harvard.edu,Junette,Dalgarno,Genderqueer,10/5/2020,781
782,gmoratlp@netscape.com,Gerrilee,Morat,Non-binary,7/27/2020,782
783,drothschildlq@loc.gov,Darryl,Rothschild,Female,8/6/2020,783
784,bthomasenlr@youtu.be,Brook,Thomasen,Male,10/3/2020,784
785,gkemellls@cmu.edu,Graham,Kemell,Polygender,5/26/2020,785
786,swildinglt@youtu.be,Sullivan,Wilding,Genderfluid,2/5/2021,786
787,lcutcheylu@marriott.com,Lorilyn,Cutchey,Genderfluid,7/27/2020,787
788,sbartleetlv@chicagotribune.com,Sofie,Bartleet,Genderqueer,3/24/2021,788
789,kboylanlw@ebay.co.uk,Kara-lynn,Boylan,Female,10/20/2020,789
790,dmapplethorpelx@last.fm,Dorothea,Mapplethorpe,Male,1/29/2021,790
791,shartyly@discovery.com,Stanislaw,Harty,Male,12/12/2020,791
792,cdemetzlz@hugedomains.com,Colas,De Metz,Genderqueer,7/15/2020,792
793,gdavioudm0@foxnews.com,Garland,Davioud,Bigender,5/10/2021,793
794,gscholtzm1@dagondesign.com,Glad,Scholtz,Bigender,5/18/2021,794
795,fpurbrickm2@constantcontact.com,Free,Purbrick,Genderqueer,10/13/2020,795
796,aofferm3@mit.edu,Arel,Offer,Genderqueer,2/11/2021,796
797,nrappoportm4@google.fr,Nike,Rappoport,Polygender,6/19/2020,797
798,atomaskunasm5@wired.com,Aristotle,Tomaskunas,Genderfluid,8/13/2020,798
799,jpiolim6@reverbnation.com,Janina,Pioli,Female,1/22/2021,799
800,gmaddysonm7@blinklist.com,Guinna,Maddyson,Polygender,12/17/2020,800
801,ngerholzm8@nationalgeographic.com,Nils,Gerholz,Genderqueer,7/7/2020,801
802,sprestlandm9@amazon.co.jp,Selig,Prestland,Male,5/4/2021,802
803,mflintma@businessweek.com,Melissa,Flint,Non-binary,1/12/2021,803
804,mleemansmb@nationalgeographic.com,Matias,Leemans,Bigender,8/3/2020,804
805,mbrenstuhlmc@vkontakte.ru,Marmaduke,Brenstuhl,Non-binary,9/12/2020,805
806,sdedomenicismd@webmd.com,Steffie,De Domenicis,Bigender,2/20/2021,806
807,mdeinhardtme@china.com.cn,Marcia,Deinhardt,Bigender,6/26/2020,807
808,iswindlesmf@columbia.edu,Inger,Swindles,Genderqueer,10/12/2020,808
809,ksielymg@microsoft.com,Kaile,Siely,Genderfluid,3/10/2021,809
810,tmacphersonmh@paginegialle.it,Toni,MacPherson,Bigender,4/22/2021,810
811,vscottmi@comsenz.com,Verla,Scott,Genderfluid,5/17/2021,811
812,yrappmj@wikipedia.org,Yolanda,Rapp,Male,11/9/2020,812
813,nroalfemk@techcrunch.com,Nonie,Roalfe,Polygender,2/14/2021,813
814,msharperml@barnesandnoble.com,Micah,Sharper,Polygender,9/29/2020,814
815,mlohanmm@nifty.com,Morgana,Lohan,Non-binary,8/28/2020,815
816,snorriemn@apple.com,Sibel,Norrie,Genderfluid,12/11/2020,816
817,sreedmanmo@feedburner.com,Shurlock,Reedman,Agender,11/9/2020,817
818,wfarrynmp@hubpages.com,Willetta,Farryn,Female,2/25/2021,818
819,ghulstrommq@tinypic.com,Giuditta,Hulstrom,Genderfluid,3/13/2021,819
820,rbullcockmr@upenn.edu,Rochell,Bullcock,Non-binary,5/1/2021,820
821,edcruzems@princeton.edu,Elmore,D'Cruze,Agender,6/5/2020,821
822,mbatkinmt@google.cn,Magdalena,Batkin,Polygender,12/22/2020,822
823,jwedmoremu@blogs.com,Jaquith,Wedmore,Genderqueer,3/25/2021,823
824,tbonarmv@technorati.com,Tirrell,Bonar,Male,7/19/2020,824
825,mishakimw@zdnet.com,Monro,Ishaki,Polygender,4/7/2021,825
826,lkornyakovmx@thetimes.co.uk,Lyndel,Kornyakov,Male,1/2/2021,826
827,jmiddletonmy@rakuten.co.jp,James,Middleton,Bigender,5/3/2021,827
828,towbridgemz@buzzfeed.com,Tamma,Owbridge,Non-binary,5/23/2020,828
829,tkrzyzowskin0@reverbnation.com,Tyne,Krzyzowski,Bigender,11/13/2020,829
830,mdewn1@facebook.com,Michaelina,Dew,Bigender,8/23/2020,830
831,fmouldenn2@fc2.com,Fanchette,Moulden,Polygender,11/7/2020,831
832,bchoppingn3@gizmodo.com,Bobbe,Chopping,Female,3/8/2021,832
833,mpowdern4@abc.net.au,Marrilee,Powder,Agender,1/17/2021,833
834,acainsn5@dropbox.com,Arron,Cains,Female,4/22/2021,834
835,erowneyn6@wufoo.com,Elston,Rowney,Bigender,5/19/2021,835
836,afaircloughn7@blogtalkradio.com,Audre,Fairclough,Genderqueer,8/18/2020,836
837,tmoneryn8@dot.gov,Tami,Monery,Genderqueer,4/21/2021,837
838,krosellinin9@webmd.com,Kristina,Rosellini,Bigender,8/24/2020,838
839,ckeena@uiuc.edu,Caesar,Kee,Bigender,2/28/2021,839
840,jbentonnb@mail.ru,Janean,Benton,Female,4/8/2021,840
841,plavaracknc@homestead.com,Paquito,Lavarack,Female,11/14/2020,841
842,achilcottnd@ovh.net,Abbott,Chilcott,Bigender,4/12/2021,842
843,ctompkinsonne@businessinsider.com,Carlota,Tompkinson,Polygender,11/2/2020,843
844,wberkanf@samsung.com,Wallache,Berka,Genderqueer,6/20/2020,844
845,fpykeng@acquirethisname.com,Fanny,Pyke,Male,8/9/2020,845
846,mknivettnh@ftc.gov,Merry,Knivett,Non-binary,1/20/2021,846
847,pwakleyni@microsoft.com,Pam,Wakley,Bigender,1/31/2021,847
848,aodoohainenj@de.vu,Ashil,O'Doohaine,Agender,7/14/2020,848
849,lharradencenk@businessweek.com,Lucas,Harradence,Agender,6/20/2020,849
850,bkelleynl@ebay.co.uk,Bram,Kelley,Male,12/30/2020,850
851,vlutonm@cbslocal.com,Vania,Luto,Genderfluid,5/7/2021,851
852,mricardetnn@dedecms.com,Milicent,Ricardet,Male,4/2/2021,852
853,oellistonno@comsenz.com,Oliy,Elliston,Genderqueer,4/28/2021,853
854,ebrucksteinnp@cbc.ca,Ernestine,Bruckstein,Non-binary,11/28/2020,854
855,ioshaughnessynq@boston.com,Ikey,O'Shaughnessy,Genderqueer,1/2/2021,855
856,chalstonnr@nba.com,Cate,Halston,Male,11/8/2020,856
857,mdeavillens@fema.gov,Maureene,Deaville,Polygender,8/14/2020,857
858,lcattonnetnt@globo.com,Lawrence,Cattonnet,Polygender,2/8/2021,858
859,rsumblernu@alibaba.com,Roslyn,Sumbler,Agender,1/31/2021,859
860,hsheardownnv@51.la,Hailey,Sheardown,Genderfluid,2/3/2021,860
861,lrigmandnw@samsung.com,Lolly,Rigmand,Bigender,7/29/2020,861
862,dfominovnx@google.it,Daphna,Fominov,Bigender,12/18/2020,862
863,tgiblettny@princeton.edu,Tull,Giblett,Genderqueer,8/14/2020,863
864,vstermannz@twitpic.com,Valentijn,Sterman,Genderfluid,7/14/2020,864
865,ibraniffo0@lulu.com,Irma,Braniff,Polygender,1/6/2021,865
866,hpetraseko1@t-online.de,Helyn,Petrasek,Female,3/2/2021,866
867,jmumfordo2@ning.com,Jeralee,Mumford,Bigender,3/2/2021,867
868,asyalvestero3@miibeian.gov.cn,Annis,Syalvester,Female,9/6/2020,868
869,sgallichiccioo4@bloglovin.com,Shalna,Gallichiccio,Non-binary,7/12/2020,869
870,akitto5@mysql.com,Arluene,Kitt,Genderqueer,10/25/2020,870
871,amarloro6@howstuffworks.com,Aloysius,Marlor,Agender,12/10/2020,871
872,tbunyardo7@ucsd.edu,Tory,Bunyard,Male,6/25/2020,872
873,veldredo8@amazonaws.com,Valenka,Eldred,Bigender,8/25/2020,873
874,mgovinio9@sina.com.cn,Monique,Govini,Genderqueer,5/10/2021,874
875,gakramoa@so-net.ne.jp,Georgette,Akram,Genderqueer,9/7/2020,875
876,wgyurkovicsob@sitemeter.com,Wandis,Gyurkovics,Genderqueer,9/15/2020,876
877,clumberoc@zdnet.com,Conny,Lumber,Genderfluid,1/13/2021,877
878,ccutcliffeod@marriott.com,Celestine,Cutcliffe,Agender,10/6/2020,878
879,ochongoe@ucoz.com,Oliviero,Chong,Male,8/13/2020,879
880,rvasyutochkinof@go.com,Roldan,Vasyutochkin,Male,11/1/2020,880
881,jlagenog@nifty.com,Joyce,Lagen,Bigender,2/9/2021,881
882,tadamikoh@army.mil,Thaddeus,Adamik,Genderqueer,6/19/2020,882
883,bclossoi@tiny.cc,Barnebas,Closs,Genderqueer,6/9/2020,883
884,wgligoracioj@list-manage.com,Walden,Gligoraci,Genderqueer,2/11/2021,884
885,atollemacheok@angelfire.com,Abbe,Tollemache,Agender,6/30/2020,885
886,hmccrackanol@mozilla.com,Henderson,McCrackan,Male,12/4/2020,886
887,bmacgiffinom@mediafire.com,Benjamin,MacGiffin,Polygender,10/25/2020,887
888,dclotheron@japanpost.jp,Dunc,Clother,Female,5/24/2020,888
889,htewkesburyoo@odnoklassniki.ru,Howard,Tewkesbury,Genderqueer,8/31/2020,889
890,gofiellyop@virginia.edu,Gordan,O'Fielly,Bigender,2/2/2021,890
891,kloveladyoq@state.tx.us,Kerk,Lovelady,Bigender,2/22/2021,891
892,dstefior@salon.com,Darsey,Stefi,Non-binary,7/6/2020,892
893,mschurichtos@wikimedia.org,Mari,Schuricht,Non-binary,3/9/2021,893
894,dhearndenot@gizmodo.com,Domenico,Hearnden,Male,3/2/2021,894
895,egraceou@feedburner.com,Elli,Grace,Agender,1/12/2021,895
896,jabbottov@nps.gov,Jobey,Abbott,Polygender,3/28/2021,896
897,vaspinalow@illinois.edu,Vevay,Aspinal,Bigender,7/13/2020,897
898,kcraisterox@ezinearticles.com,Kaycee,Craister,Non-binary,7/22/2020,898
899,mblacktinoy@list-manage.com,Molly,Blacktin,Agender,5/19/2021,899
900,zmccrearyoz@unblog.fr,Zared,McCreary,Genderqueer,9/5/2020,900
901,fabrahmovicip0@google.it,Fabiano,Abrahmovici,Male,11/6/2020,901
902,sbyfieldp1@abc.net.au,Sara,Byfield,Agender,12/13/2020,902
903,gjillionsp2@myspace.com,Gretel,Jillions,Female,4/22/2021,903
904,dmccreeryp3@google.pl,Dorian,McCreery,Female,8/10/2020,904
905,tandreonep4@unesco.org,Thelma,Andreone,Polygender,10/1/2020,905
906,cpippingp5@buzzfeed.com,Carl,Pipping,Male,10/28/2020,906
907,kwelfordp6@comsenz.com,Katie,Welford,Genderfluid,1/4/2021,907
908,miiannonip7@nih.gov,Moyna,Iiannoni,Genderqueer,2/23/2021,908
909,amoroneyp8@dell.com,Allan,Moroney,Polygender,8/31/2020,909
910,rcaigerp9@craigslist.org,Ritchie,Caiger,Non-binary,7/19/2020,910
911,vbroadwoodpa@ocn.ne.jp,Vita,Broadwood,Bigender,12/5/2020,911
912,rarbucklepb@bbb.org,Renato,Arbuckle,Non-binary,6/20/2020,912
913,jbursellpc@weebly.com,Jacquelyn,Bursell,Genderqueer,9/5/2020,913
914,jayllettpd@so-net.ne.jp,Jamal,Ayllett,Polygender,10/9/2020,914
915,nbrockiepe@com.com,Nerti,Brockie,Polygender,8/30/2020,915
916,jsollompf@symantec.com,Jesus,Sollom,Female,7/8/2020,916
917,rcogglespg@printfriendly.com,Rinaldo,Coggles,Male,6/27/2020,917
918,dmonteauxph@mapy.cz,Darrel,Monteaux,Female,7/13/2020,918
919,jbespi@scientificamerican.com,Judy,Bes,Genderfluid,12/8/2020,919
920,bdaethpj@1und1.de,Barnabas,D'Aeth,Bigender,2/26/2021,920
921,gdangelopk@slashdot.org,Gifford,D' Angelo,Polygender,11/5/2020,921
922,mwaterworthpl@google.ca,Meryl,Waterworth,Non-binary,7/19/2020,922
923,aberkerypm@unesco.org,Abraham,Berkery,Polygender,3/17/2021,923
924,bjaimepn@4shared.com,Barde,Jaime,Genderfluid,6/13/2020,924
925,nbackpo@apache.org,Nanice,Back,Male,4/9/2021,925
926,jschollarpp@ameblo.jp,Jerry,Schollar,Male,6/4/2020,926
927,cmacdearmidpq@washington.edu,Craig,MacDearmid,Polygender,7/16/2020,927
928,cknowlerpr@blinklist.com,Clare,Knowler,Non-binary,1/9/2021,928
929,dchaslesps@berkeley.edu,Dionisio,Chasles,Male,7/18/2020,929
930,vbannisterpt@icq.com,Valenka,Bannister,Agender,10/6/2020,930
931,udougarypu@ucsd.edu,Upton,Dougary,Non-binary,4/14/2021,931
932,asamwysepv@photobucket.com,Adi,Samwyse,Male,7/21/2020,932
933,nelphinstonpw@myspace.com,Ninetta,Elphinston,Agender,3/27/2021,933
934,vuptonpx@senate.gov,Viva,Upton,Agender,7/25/2020,934
935,cjoriozpy@freewebs.com,Chloris,Jorioz,Polygender,3/10/2021,935
936,szappelpz@businessinsider.com,Shanon,Zappel,Genderqueer,8/7/2020,936
937,slachezeq0@theglobeandmail.com,Sean,Lacheze,Agender,10/1/2020,937
938,gwhittleq1@netlog.com,Gretel,Whittle,Polygender,4/13/2021,938
939,mbrestonq2@auda.org.au,Maryellen,Breston,Genderqueer,8/27/2020,939
940,ttrustieq3@mashable.com,Timoteo,Trustie,Female,7/26/2020,940
941,mtwiggeq4@google.com.hk,Marja,Twigge,Genderfluid,11/2/2020,941
942,ogladdishq5@google.it,Orrin,Gladdish,Genderqueer,5/15/2021,942
943,ecanhamq6@w3.org,Elfreda,Canham,Female,9/29/2020,943
944,mmalamq7@gmpg.org,Maighdiln,Malam,Female,12/20/2020,944
945,gwintersq8@amazon.co.jp,Gael,Winters,Female,11/23/2020,945
946,llimpennyq9@freewebs.com,Lucina,Limpenny,Bigender,2/10/2021,946
947,cdelbouxqa@theglobeandmail.com,Camille,d' Elboux,Bigender,7/1/2020,947
948,knapthineqb@google.de,Kayle,Napthine,Non-binary,12/8/2020,948
949,gmaffiniqc@noaa.gov,Gawen,Maffini,Bigender,3/20/2021,949
950,jplankqd@dailymotion.com,Jenica,Plank,Polygender,11/1/2020,950
951,rfelliniqe@msu.edu,Rozalie,Fellini,Male,8/16/2020,951
952,hdurradqf@technorati.com,Hubert,Durrad,Agender,4/23/2021,952
953,kcawsonqg@mit.edu,Kermie,Cawson,Male,5/2/2021,953
954,tqueenboroughqh@odnoklassniki.ru,Taffy,Queenborough,Bigender,5/30/2020,954
955,fcollicottqi@auda.org.au,Farra,Collicott,Non-binary,5/8/2021,955
956,jmeritqj@google.pl,Joshua,Merit,Bigender,7/5/2020,956
957,aventomqk@tuttocitta.it,Ania,Ventom,Genderfluid,10/13/2020,957
958,wdmisekql@webs.com,Wynn,Dmisek,Agender,2/24/2021,958
959,lferroqm@bravesites.com,Lammond,Ferro,Genderfluid,6/3/2020,959
960,swinneyqn@ucoz.com,Sheila-kathryn,Winney,Agender,10/3/2020,960
961,rpurchaseqo@nasa.gov,Ryan,Purchase,Bigender,3/15/2021,961
962,mcolombqp@nationalgeographic.com,Marv,Colomb,Bigender,3/7/2021,962
963,dcongramqq@freewebs.com,Danielle,Congram,Bigender,2/28/2021,963
964,cwhittingtonqr@patch.com,Chandler,Whittington,Polygender,2/1/2021,964
965,nrawstornqs@apple.com,Nikkie,Rawstorn,Genderqueer,8/28/2020,965
966,kreaveyqt@who.int,Kassi,Reavey,Polygender,6/19/2020,966
967,sjoseffqu@amazonaws.com,Shannan,Joseff,Genderfluid,12/7/2020,967
968,hforstallqv@qq.com,Heloise,Forstall,Genderqueer,8/12/2020,968
969,pjaffreyqw@disqus.com,Persis,Jaffrey,Genderqueer,8/15/2020,969
970,spierrepontqx@tiny.cc,Sophi,Pierrepont,Polygender,7/24/2020,970
971,nbartosinskiqy@example.com,Nathalia,Bartosinski,Female,10/13/2020,971
972,oklassmanqz@sourceforge.net,Ogdan,Klassman,Bigender,11/25/2020,972
973,bairthr0@domainmarket.com,Brigid,Airth,Male,8/9/2020,973
974,htrobeyr1@pbs.org,Hakim,Trobey,Genderqueer,10/31/2020,974
975,vlivingstoner2@google.pl,Violet,Livingstone,Genderqueer,7/18/2020,975
976,mmccuaigr3@wikipedia.org,Maris,McCuaig,Non-binary,4/18/2021,976
977,ecumor4@facebook.com,Elise,Cumo,Genderfluid,1/20/2021,977
978,kmaccreer5@noaa.gov,Korry,Maccree,Agender,9/12/2020,978
979,mbrookbankr6@samsung.com,Merle,Brookbank,Agender,10/10/2020,979
980,marnaudir7@oaic.gov.au,Mel,Arnaudi,Male,8/9/2020,980
981,dbougourdr8@mlb.com,Dorree,Bougourd,Bigender,4/15/2021,981
982,ejouhandeaur9@answers.com,Eugine,Jouhandeau,Agender,3/26/2021,982
983,gskippingra@cdc.gov,Gavan,Skipping,Genderqueer,4/28/2021,983
984,mclynterrb@jimdo.com,Mikol,Clynter,Bigender,9/1/2020,984
985,marnizrc@answers.com,Mickey,Arniz,Female,11/2/2020,985
986,wmathiasenrd@slate.com,Welsh,Mathiasen,Non-binary,7/26/2020,986
987,islatterre@istockphoto.com,Inessa,Slatter,Polygender,9/2/2020,987
988,acasierorf@oracle.com,Anstice,Casiero,Non-binary,7/20/2020,988
989,fperrottrg@slashdot.org,Frederic,Perrott,Male,4/10/2021,989
990,tcestardrh@163.com,Tobe,Cestard,Genderfluid,7/13/2020,990
991,sjozsikari@cloudflare.com,Shalom,Jozsika,Female,9/23/2020,991
992,aduthierj@tripod.com,Allissa,Duthie,Genderqueer,4/18/2021,992
993,vsmallpiecerk@wired.com,Verine,Smallpiece,Genderqueer,12/15/2020,993
994,mklimkerl@bandcamp.com,Maurene,Klimke,Genderfluid,9/24/2020,994
995,etweddellrm@ucla.edu,Eloisa,Tweddell,Male,3/31/2021,995
996,smeliarn@intel.com,Sheree,Melia,Genderfluid,10/5/2020,996
997,ndorwoodro@sitemeter.com,Noland,Dorwood,Polygender,3/19/2021,997
998,olubomirskirp@opera.com,Oberon,Lubomirski,Polygender,7/15/2020,998
999,ttolertonrq@smh.com.au,Tatiana,Tolerton,Agender,11/25/2020,999
1000,tmansbridgerr@chron.com,Terri-jo,Mansbridge,Female,2/28/2021,1000
